Tr-loss,Val-loss,b-mean,b-median,b-tri-mean,b-b25,b-wst25,b-wst,b-bst,mean,median,trimean,bst25,wst25,wst95,bst
15.362347540322435,7.314452914972055,7.314452914972055,3.543896436691284,4.7647780403494835,1.239808646288324,19.57581587632497,26.95935821533203,0.3460501730442047,7.314452914972055,3.543896436691284,4.7647780403494835,1.239808646288324,19.57581587632497,26.95935821533203,0.3460501730442047
6.696254716900291,0,7.314452914972055,3.543896436691284,4.7647780403494835,1.239808646288324,19.57581587632497,26.95935821533203,0.3460501730442047,7.314452914972055,3.543896436691284,4.7647780403494835,1.239808646288324,19.57581587632497,26.95935821533203,0.3460501730442047
7.567579810226721,6.4749311092652775,6.4749311092652775,3.2739834785461426,4.452904507517815,1.4526458433333864,16.535284837086994,22.7443115234375,0.7912999391555786,6.4749311092652775,3.2739834785461426,4.452904507517815,1.4526458433333864,16.535284837086994,22.7443115234375,0.7912999391555786
